Name,email,note
Harriet Kingcote,hkingcote0@webeden.co.uk,in porttitor pede justo eu
Katharyn Farries,kfarries1@booking.com,imperdiet sapien urna pretium nisl ut volutpat sapien
Genvieve Tolumello,gtolumello2@weebly.com,massa donec dapibus duis at velit eu est congue elementum in
Tillie Dibley,tdibley3@ucla.edu,nisl duis bibendum felis sed interdum venenatis turpis enim blandit mi
Samara Janks,sjanks4@acquirethisname.com,in congue etiam justo etiam pretium iaculis justo in hac habitasse platea
Denny McSherry,dmcsherry5@flickr.com,fusce posuere felis sed lacus morbi sem mauris laoreet ut
Rea Phillis,rphillis6@jalbum.net,mollis molestie lorem quisque ut erat
Nedi Hathway,nhathway7@japanpost.jp,in felis donec semper sapien a libero nam dui proin leo odio
Lorrie Jorge,ljorge8@bluehost.com,pulvinar nulla pede ullamcorper augue
Cass Gartin,cgartin9@vistaprint.com,ligula in lacus curabitur at ipsum ac
Codie Fudger,cfudgera@ifeng.com,orci luctus et ultrices posuere cubilia curae nulla
Hymie Armes,harmesb@github.io,ultrices posuere cubilia curae donec pharetra magna vestibulum aliquet ultrices erat
Ninetta Sanbrook,nsanbrookc@deliciousdays.com,nisl duis bibendum felis sed interdum venenatis turpis enim blandit mi in
Elisha Paffley,epaffleyd@pagesperso-orange.fr,interdum mauris ullamcorper purus sit amet nulla quisque arcu libero rutrum ac
Pavla Zmitrichenko,pzmitrichenkoe@craigslist.org,nisi at nibh in hac habitasse platea
Kinny Tunnock,ktunnockf@phpbb.com,vestibulum proin eu mi nulla
Chen Spinola,cspinolag@mit.edu,erat tortor sollicitudin mi sit amet lobortis sapien sapien non mi integer
Boniface Di Dello,bdih@flickr.com,enim leo rhoncus sed vestibulum sit
Rodrick Snawden,rsnawdeni@examiner.com,tempus vel pede morbi porttitor lorem
Anett Cammish,acammishj@tamu.edu,ac nibh fusce lacus purus aliquet at
Sande Foulger,sfoulgerk@cbsnews.com,lacus at velit vivamus vel nulla eget eros
Rodolphe Rivallant,rrivallantl@redcross.org,proin risus praesent lectus vestibulum quam sapien varius ut blandit
Raimundo Ambroziak,rambroziakm@ihg.com,id turpis integer aliquet massa id lobortis convallis tortor risus
Padraic Proby,pprobyn@mail.ru,nisi at nibh in hac habitasse platea
Conroy Sute,csuteo@newsvine.com,lectus pellentesque at nulla suspendisse potenti cras in
Reece Kenion,rkenionp@hao123.com,nibh in hac habitasse platea
Nathalie Checci,nchecciq@discovery.com,cursus urna ut tellus nulla ut erat
Cleve Coopey,ccoopeyr@java.com,primis in faucibus orci luctus et
Salvador Blackburn,sblackburns@thetimes.co.uk,mauris enim leo rhoncus sed vestibulum sit amet cursus
Brocky Durtnell,bdurtnellt@ask.com,nulla mollis molestie lorem quisque ut erat curabitur gravida nisi
Wilton Cloonan,wcloonanu@issuu.com,urna ut tellus nulla ut erat
Juliane Somner,jsomnerv@bbc.co.uk,cursus id turpis integer aliquet massa id lobortis
Stacie Arnoldi,sarnoldiw@mayoclinic.com,justo eu massa donec dapibus duis at velit
Broddie Prawle,bprawlex@homestead.com,vestibulum sit amet cursus id turpis integer aliquet massa id
Avigdor Lindemann,alindemanny@bravesites.com,habitasse platea dictumst etiam faucibus
Michell Dumbreck,mdumbreckz@vk.com,aenean sit amet justo morbi ut odio
Deena Gonsalvo,dgonsalvo10@slashdot.org,lectus in est risus auctor
Wilona Zanassi,wzanassi11@liveinternet.ru,morbi vel lectus in quam fringilla rhoncus mauris enim leo rhoncus
Merle Collough,mcollough12@reference.com,convallis eget eleifend luctus ultricies
Ella Swinfon,eswinfon13@trellian.com,nascetur ridiculus mus vivamus vestibulum sagittis sapien cum sociis natoque
Ondrea Derry,oderry14@ft.com,aliquam sit amet diam in magna bibendum imperdiet nullam
Teddy McJarrow,tmcjarrow15@mozilla.org,semper sapien a libero nam dui proin
Codee Friskey,cfriskey16@nbcnews.com,in blandit ultrices enim lorem ipsum dolor sit amet consectetuer
Jehu Kender,jkender17@about.me,mauris viverra diam vitae quam suspendisse potenti
Garey Deaton,gdeaton18@gnu.org,in sapien iaculis congue vivamus metus arcu adipiscing molestie hendrerit at
Cirilo Godfroy,cgodfroy19@skype.com,quam a odio in hac habitasse platea dictumst maecenas ut massa
Seana Crickmer,scrickmer1a@shinystat.com,ut dolor morbi vel lectus in quam fringilla rhoncus mauris enim leo
Kimberly Londesborough,klondesborough1b@bing.com,vulputate luctus cum sociis natoque penatibus et
Curt Bolwell,cbolwell1c@amazon.com,vestibulum ante ipsum primis in faucibus orci luctus et ultrices
Innis Scown,iscown1d@etsy.com,cubilia curae mauris viverra diam vitae quam suspendisse
Jessalin Cassam,jcassam1e@deliciousdays.com,elit ac nulla sed vel enim sit amet nunc viverra dapibus
Charles Vankin,cvankin1f@hud.gov,lorem id ligula suspendisse ornare consequat lectus in est risus
Sigfrid Erington,serington1g@washington.edu,at velit eu est congue elementum in
Orel McMillan,omcmillan1h@intel.com,non mattis pulvinar nulla pede ullamcorper augue
Letizia Costall,lcostall1i@bbc.co.uk,maecenas leo odio condimentum id luctus nec molestie
Lindie Arney,larney1j@sohu.com,magnis dis parturient montes nascetur ridiculus mus etiam vel
Alla Matcham,amatcham1k@hugedomains.com,nam dui proin leo odio porttitor id
Marget Harflete,mharflete1l@meetup.com,quisque id justo sit amet
Sid Parlott,sparlott1m@google.com.br,posuere metus vitae ipsum aliquam non mauris morbi non
Wilfred Bogie,wbogie1n@skyrock.com,semper est quam pharetra magna
Amabel Hearn,ahearn1o@deliciousdays.com,et tempus semper est quam pharetra magna
Garwood Alwood,galwood1p@buzzfeed.com,enim sit amet nunc viverra dapibus nulla suscipit ligula in
Puff Peers,ppeers1q@earthlink.net,id lobortis convallis tortor risus dapibus augue vel accumsan
Sholom Adshede,sadshede1r@bizjournals.com,nulla tempus vivamus in felis eu sapien cursus vestibulum proin eu
Torr Scoines,tscoines1s@furl.net,duis mattis egestas metus aenean fermentum donec ut
Gunner Lidgley,glidgley1t@forbes.com,suscipit ligula in lacus curabitur
Candra Jordison,cjordison1u@spiegel.de,eros elementum pellentesque quisque porta
El Bramwell,ebramwell1v@so-net.ne.jp,ante vestibulum ante ipsum primis in faucibus orci
Vere Nevet,vnevet1w@ning.com,aliquam convallis nunc proin at
Lauralee Traviss,ltraviss1x@ca.gov,dui vel sem sed sagittis nam congue risus semper
Tulley Harrowsmith,tharrowsmith1y@ucsd.edu,in congue etiam justo etiam
Law Pescod,lpescod1z@businesswire.com,suspendisse accumsan tortor quis turpis sed ante vivamus tortor duis mattis
Christophe Ledingham,cledingham20@walmart.com,tempus semper est quam pharetra magna ac
Devina Slyvester,dslyvester21@apache.org,morbi odio odio elementum eu interdum eu tincidunt in leo maecenas
Pennie Blissett,pblissett22@wordpress.org,quam suspendisse potenti nullam porttitor lacus at turpis donec
Pauli Lys,plys23@symantec.com,lectus aliquam sit amet diam in magna
Hilda Pozzi,hpozzi24@washington.edu,interdum mauris ullamcorper purus sit amet nulla quisque arcu libero
Benyamin Levay,blevay25@china.com.cn,odio donec vitae nisi nam ultrices libero non mattis pulvinar nulla
Afton Casaro,acasaro26@umn.edu,sed vel enim sit amet nunc viverra dapibus nulla suscipit ligula in
May Scoffham,mscoffham27@nature.com,justo sollicitudin ut suscipit a feugiat et
Misty Godfery,mgodfery28@soundcloud.com,adipiscing molestie hendrerit at vulputate vitae nisl aenean lectus
Lorne Salvidge,lsalvidge29@i2i.jp,est phasellus sit amet erat nulla tempus vivamus in
Matthieu Shernock,mshernock2a@ocn.ne.jp,nulla ultrices aliquet maecenas leo odio condimentum id luctus nec
Elsworth Ridgway,eridgway2b@ocn.ne.jp,leo odio porttitor id consequat in consequat ut nulla sed
Ina Cousans,icousans2c@toplist.cz,placerat praesent blandit nam nulla integer pede justo lacinia eget tincidunt
Suzanne Kennedy,skennedy2d@cargocollective.com,montes nascetur ridiculus mus etiam vel augue
Parry Whitehair,pwhitehair2e@usnews.com,libero convallis eget eleifend luctus ultricies eu
Honey Bouzek,hbouzek2f@cbc.ca,dui luctus rutrum nulla tellus in sagittis dui vel
Raimund Thickens,rthickens2g@usatoday.com,hac habitasse platea dictumst etiam faucibus cursus urna ut tellus
Lilllie Filyaev,lfilyaev2h@jalbum.net,est congue elementum in hac habitasse platea dictumst morbi vestibulum velit
Lancelot Diloway,ldiloway2i@live.com,amet consectetuer adipiscing elit proin
Idalia Tetsall,itetsall2j@google.es,magna vestibulum aliquet ultrices erat tortor sollicitudin mi sit amet
Nathanial Kirkland,nkirkland2k@wired.com,mi pede malesuada in imperdiet
Zoe Pressman,zpressman2l@mapy.cz,sapien urna pretium nisl ut volutpat
Grissel Prati,gprati2m@spotify.com,vel dapibus at diam nam tristique
Jeffy Dorrian,jdorrian2n@newyorker.com,pede malesuada in imperdiet et commodo vulputate justo in blandit ultrices
Talyah Tampin,ttampin2o@oakley.com,posuere cubilia curae duis faucibus accumsan odio curabitur
Brody McKinty,bmckinty2p@fda.gov,suspendisse potenti in eleifend quam a odio in hac habitasse
Peter Schober,pschober2q@twitpic.com,ac consequat metus sapien ut nunc vestibulum
Brendon Duckwith,bduckwith2r@home.pl,tincidunt in leo maecenas pulvinar lobortis est phasellus
Conn Climson,cclimson2s@freewebs.com,phasellus id sapien in sapien iaculis congue vivamus metus
Charlton Dimblebee,cdimblebee2t@prnewswire.com,sagittis sapien cum sociis natoque
Bernita Cheverton,bcheverton2u@amazon.com,elit sodales scelerisque mauris sit amet eros suspendisse
Consolata Mollitt,cmollitt2v@huffingtonpost.com,aliquam augue quam sollicitudin vitae
Bailie Schooling,bschooling2w@sourceforge.net,vestibulum sed magna at nunc
Ethan Agglione,eagglione2x@cdbaby.com,maecenas leo odio condimentum id luctus nec
Angie Queyos,aqueyos2y@statcounter.com,nec condimentum neque sapien placerat ante nulla justo aliquam
Kelci Mc Harg,kmc2z@51.la,ornare consequat lectus in est risus auctor
Stafford Griffitt,sgriffitt30@sakura.ne.jp,tempor turpis nec euismod scelerisque quam turpis adipiscing lorem vitae
Francoise Pavie,fpavie31@twitpic.com,potenti nullam porttitor lacus at turpis donec
Anastasia Capozzi,acapozzi32@reverbnation.com,sed ante vivamus tortor duis mattis egestas metus
Doreen Shales,dshales33@home.pl,eget vulputate ut ultrices vel augue
Ingaberg Placido,iplacido34@pbs.org,odio condimentum id luctus nec molestie sed justo pellentesque viverra pede
Quinn Dominiak,qdominiak35@kickstarter.com,suscipit nulla elit ac nulla sed vel enim sit amet nunc viverra
Mia Olliffe,molliffe36@hexun.com,sodales scelerisque mauris sit amet eros suspendisse accumsan tortor
Waiter Rennock,wrennock37@unicef.org,vestibulum ante ipsum primis in faucibus orci luctus et ultrices
Robbie O'Flannery,roflannery38@about.com,arcu adipiscing molestie hendrerit at vulputate vitae nisl aenean lectus pellentesque
Harwilll Winkell,hwinkell39@domainmarket.com,malesuada in imperdiet et commodo vulputate
Jethro Cuniffe,jcuniffe3a@ucoz.ru,donec vitae nisi nam ultrices
Rudie Abbis,rabbis3b@people.com.cn,maecenas ut massa quis augue luctus tincidunt nulla mollis molestie
Shel Pirie,spirie3c@berkeley.edu,vestibulum proin eu mi nulla ac enim in tempor turpis
Jamaal Josefsen,jjosefsen3d@etsy.com,duis mattis egestas metus aenean fermentum donec ut mauris
Pyotr Boulds,pboulds3e@mit.edu,nisl duis bibendum felis sed
Nicolea Colliard,ncolliard3f@oracle.com,lorem vitae mattis nibh ligula nec sem duis aliquam convallis nunc proin
Ripley Peyzer,rpeyzer3g@scientificamerican.com,lobortis sapien sapien non mi integer ac neque duis bibendum morbi non
Salvidor Milius,smilius3h@google.co.jp,sit amet eleifend pede libero quis orci nullam molestie nibh
Haily Leamy,hleamy3i@free.fr,ligula nec sem duis aliquam convallis
Riki Bavage,rbavage3j@boston.com,pede venenatis non sodales sed tincidunt eu felis fusce
Currey Lazer,clazer3k@scribd.com,id justo sit amet sapien dignissim vestibulum vestibulum
Roshelle Maliphant,rmaliphant3l@sourceforge.net,hac habitasse platea dictumst morbi vestibulum velit id pretium
Carla Pasticznyk,cpasticznyk3m@myspace.com,ipsum aliquam non mauris morbi non lectus aliquam sit amet
Roderic Woodcroft,rwoodcroft3n@discovery.com,ridiculus mus etiam vel augue vestibulum rutrum rutrum
Trista Netley,tnetley3o@techcrunch.com,sit amet consectetuer adipiscing elit proin interdum mauris non ligula pellentesque
Harvey Coxhead,hcoxhead3p@shareasale.com,ante ipsum primis in faucibus orci luctus et ultrices posuere cubilia curae
Shannon Ecclesall,secclesall3q@marriott.com,vulputate justo in blandit ultrices enim lorem ipsum dolor sit amet consectetuer
Latia Wayt,lwayt3r@ed.gov,quisque erat eros viverra eget congue eget semper rutrum nulla nunc purus
Wainwright Fellos,wfellos3s@woothemes.com,mi nulla ac enim in tempor turpis nec euismod scelerisque quam turpis
Katti McVicker,kmcvicker3t@123-reg.co.uk,justo sit amet sapien dignissim vestibulum vestibulum ante ipsum primis
Wynn Andrzejewski,wandrzejewski3u@jiathis.com,aliquet maecenas leo odio condimentum id luctus nec molestie
Lammond Ruppert,lruppert3v@drupal.org,malesuada in imperdiet et commodo vulputate justo in blandit ultrices
John Beamand,jbeamand3w@deviantart.com,proin interdum mauris non ligula pellentesque ultrices phasellus id sapien in sapien
Gretel Dunning,gdunning3x@psu.edu,pellentesque at nulla suspendisse potenti cras in
Sergei Presswell,spresswell3y@theguardian.com,aenean lectus pellentesque eget nunc donec
Truman Clurow,tclurow3z@blogspot.com,vel nisl duis ac nibh fusce lacus purus aliquet
Stanford Korda,skorda40@networksolutions.com,nam congue risus semper porta volutpat quam pede lobortis ligula
Paige Challoner,pchalloner41@unblog.fr,in tempus sit amet sem
Una Chatwin,uchatwin42@desdev.cn,aenean lectus pellentesque eget nunc donec quis orci eget orci vehicula condimentum
Rosalie Barreau,rbarreau43@mlb.com,ac consequat metus sapien ut nunc vestibulum ante ipsum primis
Ana Ballaam,aballaam44@weibo.com,accumsan felis ut at dolor quis odio
Frants Shakeshaft,fshakeshaft45@state.gov,mauris viverra diam vitae quam suspendisse potenti nullam porttitor lacus at turpis
Jesse Giacopelo,jgiacopelo46@blogs.com,dolor vel est donec odio justo sollicitudin ut suscipit
Matilda Torritti,mtorritti47@example.com,quam a odio in hac habitasse
Lyndell Gidney,lgidney48@state.tx.us,enim sit amet nunc viverra dapibus nulla suscipit ligula in
Corny Cato,ccato49@prlog.org,fusce congue diam id ornare imperdiet sapien urna pretium nisl ut
Bradly Marnes,bmarnes4a@smugmug.com,in sapien iaculis congue vivamus metus arcu adipiscing molestie hendrerit at vulputate
Eliot Stiff,estiff4b@typepad.com,adipiscing lorem vitae mattis nibh ligula nec sem duis aliquam convallis nunc
Sonya Heale,sheale4c@newsvine.com,amet consectetuer adipiscing elit proin risus praesent lectus vestibulum quam sapien varius
Amanda Mungin,amungin4d@europa.eu,diam erat fermentum justo nec condimentum
Alexis Louch,alouch4e@house.gov,consequat in consequat ut nulla sed accumsan felis ut
Dori Chappelle,dchappelle4f@soundcloud.com,quam nec dui luctus rutrum nulla tellus in sagittis dui vel nisl
Othello Yannoni,oyannoni4g@utexas.edu,tristique fusce congue diam id
Georgette Cluney,gcluney4h@google.fr,ipsum integer a nibh in quis justo
Ellary Neads,eneads4i@dailymail.co.uk,potenti cras in purus eu magna vulputate luctus cum sociis natoque penatibus
Julina Gomez,jgomez4j@buzzfeed.com,posuere cubilia curae donec pharetra magna vestibulum aliquet ultrices
Bartlett Altimas,baltimas4k@ucoz.com,pede justo eu massa donec dapibus duis at velit
Efrem Zeplin,ezeplin4l@addthis.com,lacus curabitur at ipsum ac tellus semper interdum
Dino Farnorth,dfarnorth4m@ocn.ne.jp,in purus eu magna vulputate luctus
Hasheem Hayhurst,hhayhurst4n@epa.gov,adipiscing elit proin interdum mauris non ligula pellentesque ultrices phasellus id sapien
Malchy Tilt,mtilt4o@tumblr.com,quisque erat eros viverra eget congue eget semper rutrum
Kirsten Kachel,kkachel4p@unicef.org,feugiat et eros vestibulum ac est lacinia nisi
Tremayne Simonot,tsimonot4q@google.nl,blandit mi in porttitor pede justo eu massa donec dapibus
Zandra Doget,zdoget4r@yolasite.com,nunc purus phasellus in felis donec semper sapien
Addison Zieme,azieme4s@youtube.com,non sodales sed tincidunt eu felis fusce
Tomaso Wisniewski,twisniewski4t@mediafire.com,facilisi cras non velit nec nisi vulputate nonummy maecenas tincidunt lacus
Tiphany Hookes,thookes4u@ycombinator.com,sit amet sem fusce consequat nulla nisl nunc nisl duis bibendum felis
Putnem Teresia,pteresia4v@youtube.com,tincidunt nulla mollis molestie lorem quisque ut erat curabitur gravida nisi at
Nick Ingliby,ningliby4w@sbwire.com,non quam nec dui luctus rutrum
Bondie Livett,blivett4x@diigo.com,varius ut blandit non interdum in ante vestibulum
Yevette Grzes,ygrzes4y@craigslist.org,orci luctus et ultrices posuere cubilia curae
Rodina Butland,rbutland4z@state.gov,molestie nibh in lectus pellentesque at nulla suspendisse potenti cras in purus
Tony Baldrick,tbaldrick50@moonfruit.com,malesuada in imperdiet et commodo vulputate justo in blandit ultrices
Eloise Lightbody,elightbody51@51.la,et eros vestibulum ac est lacinia nisi
Ephrayim Johnys,ejohnys52@cloudflare.com,mauris viverra diam vitae quam
Maura Ionn,mionn53@cloudflare.com,purus phasellus in felis donec semper sapien
Hartwell Paynes,hpaynes54@acquirethisname.com,leo odio porttitor id consequat in consequat ut
Damian Evreux,devreux55@google.com,eget elit sodales scelerisque mauris sit amet eros
Shaylah Teeney,steeney56@paginegialle.it,sit amet cursus id turpis integer aliquet
Rudd Vinck,rvinck57@bluehost.com,consequat lectus in est risus auctor sed tristique in
Lexine Inchcomb,linchcomb58@census.gov,lorem ipsum dolor sit amet
Hewitt Burgwin,hburgwin59@technorati.com,nibh in lectus pellentesque at nulla
Nolly Abbay,nabbay5a@blogtalkradio.com,natoque penatibus et magnis dis parturient montes
Quincey Renak,qrenak5b@sciencedaily.com,eros viverra eget congue eget semper rutrum nulla
Stuart Risman,srisman5c@rambler.ru,suspendisse accumsan tortor quis turpis sed ante vivamus tortor duis mattis
Bendick Earl,bearl5d@nsw.gov.au,eget semper rutrum nulla nunc purus phasellus in felis donec semper sapien
Lyndy Kikke,lkikke5e@geocities.com,duis at velit eu est congue elementum
Hildegaard Rolley,hrolley5f@de.vu,lobortis sapien sapien non mi
Barnett Robroe,brobroe5g@webmd.com,aenean auctor gravida sem praesent id massa id nisl venenatis lacinia aenean
Scarlett Millwall,smillwall5h@stumbleupon.com,nibh in quis justo maecenas
Lawton Cockton,lcockton5i@ameblo.jp,commodo vulputate justo in blandit ultrices enim lorem ipsum dolor
Jolie Brackley,jbrackley5j@adobe.com,id justo sit amet sapien
Cale De Leek,cde5k@usa.gov,duis consequat dui nec nisi volutpat eleifend donec
Armstrong O'Moylan,aomoylan5l@pen.io,neque sapien placerat ante nulla justo aliquam quis turpis eget elit sodales
Isidro Tredgold,itredgold5m@mapquest.com,interdum mauris non ligula pellentesque ultrices phasellus id
Michael Casin,mcasin5n@cafepress.com,ut erat curabitur gravida nisi at nibh in hac habitasse platea dictumst
Trescha Bennedick,tbennedick5o@comsenz.com,nulla mollis molestie lorem quisque ut erat curabitur
Francene Stilling,fstilling5p@opera.com,integer ac leo pellentesque ultrices mattis odio donec vitae
Drusi Nozzolinii,dnozzolinii5q@google.com,vel pede morbi porttitor lorem id ligula suspendisse
Kinnie Olorenshaw,kolorenshaw5r@time.com,vivamus vel nulla eget eros elementum pellentesque
Mac Yellop,myellop5s@symantec.com,imperdiet et commodo vulputate justo in blandit ultrices enim lorem ipsum dolor
Florette Avieson,favieson5t@prnewswire.com,id justo sit amet sapien dignissim vestibulum vestibulum ante ipsum
Curtis Kenewel,ckenewel5u@globo.com,erat vestibulum sed magna at nunc
Stanislaw Piegrome,spiegrome5v@slashdot.org,ipsum primis in faucibus orci luctus et ultrices posuere cubilia curae
Agatha Grishkov,agrishkov5w@yellowbook.com,tristique in tempus sit amet
Oralia Newsham,onewsham5x@unicef.org,vestibulum ante ipsum primis in faucibus orci
Brenden Maxwaile,bmaxwaile5y@discovery.com,nulla integer pede justo lacinia
Bartlett Sibbons,bsibbons5z@tumblr.com,mattis odio donec vitae nisi nam ultrices libero non mattis
Romona Morton,rmorton60@phoca.cz,mauris enim leo rhoncus sed vestibulum sit
Klaus Paolotto,kpaolotto61@wix.com,nibh ligula nec sem duis aliquam convallis nunc proin at
Martino Valder,mvalder62@answers.com,tortor sollicitudin mi sit amet lobortis sapien sapien non mi integer
Randi Deedes,rdeedes63@europa.eu,pede lobortis ligula sit amet eleifend pede libero
Ardine Goom,agoom64@sitemeter.com,nulla ultrices aliquet maecenas leo odio condimentum id luctus nec
Neill Kadar,nkadar65@myspace.com,mauris vulputate elementum nullam varius nulla facilisi cras non
Carry Jedraszczyk,cjedraszczyk66@yelp.com,pede justo lacinia eget tincidunt eget tempus vel pede morbi porttitor lorem
Omero Cozens,ocozens67@marketwatch.com,ipsum primis in faucibus orci luctus
Sheri Pasquale,spasquale68@mozilla.com,curabitur gravida nisi at nibh in hac habitasse platea dictumst aliquam
Ingamar Glendenning,iglendenning69@hao123.com,ultrices posuere cubilia curae donec pharetra magna vestibulum aliquet ultrices erat
Ashlee Clayton,aclayton6a@squidoo.com,platea dictumst etiam faucibus cursus urna ut tellus nulla ut erat
Lenci Holdworth,lholdworth6b@time.com,eget vulputate ut ultrices vel augue vestibulum ante ipsum primis in
Farica Elloit,felloit6c@istockphoto.com,ligula sit amet eleifend pede
Anna-maria Hassent,ahassent6d@delicious.com,aliquet ultrices erat tortor sollicitudin mi sit
Tynan Roadnight,troadnight6e@ocn.ne.jp,justo lacinia eget tincidunt eget tempus vel
Mariejeanne Twelftree,mtwelftree6f@diigo.com,eu orci mauris lacinia sapien quis libero nullam sit
Aurelie Lillo,alillo6g@yahoo.com,tellus semper interdum mauris ullamcorper purus
Patty Wrist,pwrist6h@washington.edu,nisi volutpat eleifend donec ut dolor morbi
Freedman Gadie,fgadie6i@hp.com,faucibus accumsan odio curabitur convallis duis consequat
Alaine Shilvock,ashilvock6j@wiley.com,et magnis dis parturient montes nascetur ridiculus mus etiam vel augue
Drusy Twining,dtwining6k@businesswire.com,quam suspendisse potenti nullam porttitor lacus at turpis donec
Ebba Passe,epasse6l@nih.gov,ut volutpat sapien arcu sed augue aliquam erat volutpat in
Trevar Wardington,twardington6m@salon.com,turpis eget elit sodales scelerisque
Melita MacDunlevy,mmacdunlevy6n@xinhuanet.com,mattis egestas metus aenean fermentum donec ut mauris eget
Romona Ham,rham6o@arstechnica.com,nullam porttitor lacus at turpis donec posuere
Tristam Danilishin,tdanilishin6p@biblegateway.com,erat curabitur gravida nisi at nibh
Giselle Serrell,gserrell6q@etsy.com,pretium nisl ut volutpat sapien arcu sed augue
Cad Teasdale-Markie,cteasdalemarkie6r@bloglovin.com,libero quis orci nullam molestie nibh in lectus pellentesque at
Cinderella Rawstorne,crawstorne6s@nih.gov,sed tincidunt eu felis fusce
Xylina Sudddard,xsudddard6t@google.nl,donec diam neque vestibulum eget vulputate ut
Conni Samett,csamett6u@amazon.com,nam dui proin leo odio porttitor id
Antoinette Cases,acases6v@t-online.de,porttitor lacus at turpis donec posuere metus vitae
Juditha Luchelli,jluchelli6w@huffingtonpost.com,placerat ante nulla justo aliquam quis turpis eget elit sodales
Meredithe Kinnett,mkinnett6x@ycombinator.com,porta volutpat quam pede lobortis ligula sit amet
Anna Blincoe,ablincoe6y@ehow.com,leo rhoncus sed vestibulum sit amet cursus id turpis
Jeramie Gerring,jgerring6z@webeden.co.uk,est quam pharetra magna ac consequat metus sapien ut
Alverta Andrivot,aandrivot70@weibo.com,ultrices posuere cubilia curae mauris viverra diam vitae quam suspendisse
Pooh Wyer,pwyer71@yellowpages.com,neque sapien placerat ante nulla justo aliquam
Stefania Heyfield,sheyfield72@webs.com,duis ac nibh fusce lacus purus aliquet at feugiat non pretium quis
Margit Ertel,mertel73@blinklist.com,sit amet justo morbi ut odio cras mi
Rochell Liddon,rliddon74@51.la,fermentum justo nec condimentum neque sapien
Gage Bernucci,gbernucci75@irs.gov,proin leo odio porttitor id consequat
Averil Bounds,abounds76@sitemeter.com,sed tristique in tempus sit amet sem fusce consequat nulla nisl nunc
Adaline Gourlie,agourlie77@buzzfeed.com,ornare imperdiet sapien urna pretium nisl ut volutpat
Erwin Eitter,eeitter78@hugedomains.com,amet turpis elementum ligula vehicula
Arden Marmion,amarmion79@sun.com,odio cras mi pede malesuada in imperdiet et
Darelle Inger,dinger7a@devhub.com,sem mauris laoreet ut rhoncus aliquet pulvinar sed nisl nunc rhoncus
Amberly Plet,aplet7b@tmall.com,tellus semper interdum mauris ullamcorper purus sit amet nulla quisque arcu libero
Donella Dalliwater,ddalliwater7c@oakley.com,erat vestibulum sed magna at nunc
Tye Volage,tvolage7d@japanpost.jp,interdum mauris ullamcorper purus sit amet nulla quisque
Guglielma Illingsworth,gillingsworth7e@upenn.edu,a ipsum integer a nibh in quis justo maecenas rhoncus aliquam
Krystle Nore,knore7f@pen.io,posuere cubilia curae mauris viverra diam vitae quam suspendisse potenti nullam
Petrina Snawden,psnawden7g@noaa.gov,vestibulum ante ipsum primis in faucibus orci luctus et ultrices posuere cubilia
Jere Malling,jmalling7h@eepurl.com,nulla elit ac nulla sed vel enim sit amet nunc viverra dapibus
Karyn Redmille,kredmille7i@tuttocitta.it,volutpat dui maecenas tristique est et tempus semper est quam pharetra magna
Sander Mowle,smowle7j@cloudflare.com,ut erat curabitur gravida nisi at nibh
Brander Derle,bderle7k@amazon.co.jp,in purus eu magna vulputate luctus cum sociis natoque penatibus
Aymer O'Gavin,aogavin7l@blog.com,sed nisl nunc rhoncus dui vel
Anna-maria Phelit,aphelit7m@ted.com,suscipit ligula in lacus curabitur at ipsum ac tellus
Leroy Tomasoni,ltomasoni7n@chron.com,ridiculus mus etiam vel augue
Alanson Gurry,agurry7o@plala.or.jp,dolor morbi vel lectus in quam fringilla rhoncus mauris
Bordy Pryce,bpryce7p@exblog.jp,ante nulla justo aliquam quis turpis
Tandie Staff,tstaff7q@technorati.com,ultrices erat tortor sollicitudin mi sit amet lobortis sapien sapien non mi
Gerik Loveland,gloveland7r@topsy.com,suspendisse potenti nullam porttitor lacus at turpis donec posuere metus vitae ipsum
Jethro Moyce,jmoyce7s@businessinsider.com,vulputate nonummy maecenas tincidunt lacus at velit
Zelda Muff,zmuff7t@usda.gov,cursus urna ut tellus nulla
Laurianne Peppin,lpeppin7u@reuters.com,lobortis est phasellus sit amet erat
Barbabas Imms,bimms7v@google.es,quam nec dui luctus rutrum nulla tellus in sagittis dui vel nisl
Aurie Cattermole,acattermole7w@yandex.ru,ut at dolor quis odio
Val Nacey,vnacey7x@mozilla.com,primis in faucibus orci luctus et ultrices posuere cubilia curae
Bryn Ousley,bousley7y@yahoo.co.jp,ut at dolor quis odio consequat varius integer ac
Annetta Caroll,acaroll7z@quantcast.com,lacus purus aliquet at feugiat non pretium quis lectus
Marion Balnaves,mbalnaves80@nih.gov,proin at turpis a pede posuere nonummy integer non velit
Neel I'anson,nianson81@ox.ac.uk,ultrices aliquet maecenas leo odio condimentum id luctus nec molestie sed
Gaylord Gopsell,ggopsell82@sohu.com,potenti cras in purus eu magna vulputate
Hinda Duckels,hduckels83@smh.com.au,in lacus curabitur at ipsum ac tellus
Lombard Giovanazzi,lgiovanazzi84@hp.com,sociis natoque penatibus et magnis dis parturient montes
Roxana Allridge,rallridge85@feedburner.com,sodales sed tincidunt eu felis fusce posuere felis
Arabelle Sanja,asanja86@gov.uk,vehicula condimentum curabitur in libero
Ulick Prigg,uprigg87@diigo.com,pellentesque quisque porta volutpat erat quisque erat eros viverra
Joycelin Surplice,jsurplice88@mapquest.com,ipsum primis in faucibus orci luctus et ultrices posuere
Konstantin Crick,kcrick89@google.ru,vestibulum aliquet ultrices erat tortor sollicitudin mi sit
Gabi Barbe,gbarbe8a@squarespace.com,in hac habitasse platea dictumst etiam
Allison McKenzie,amckenzie8b@bbc.co.uk,sapien quis libero nullam sit amet turpis elementum ligula vehicula consequat
Maurits Jarnell,mjarnell8c@spiegel.de,ultrices erat tortor sollicitudin mi sit amet lobortis sapien
Thorsten Cushelly,tcushelly8d@nydailynews.com,justo nec condimentum neque sapien placerat
Odelinda Crim,ocrim8e@ucoz.com,congue eget semper rutrum nulla nunc purus phasellus in felis donec semper
Nicol Edmondson,nedmondson8f@weebly.com,at nibh in hac habitasse platea dictumst
Salomo Squelch,ssquelch8g@whitehouse.gov,pellentesque quisque porta volutpat erat quisque erat eros viverra eget congue eget
Chuck Kilgallon,ckilgallon8h@webmd.com,ut erat curabitur gravida nisi at nibh in hac habitasse platea
Terri-jo Fitzharris,tfitzharris8i@columbia.edu,nisi vulputate nonummy maecenas tincidunt
Travers Piscotti,tpiscotti8j@foxnews.com,quis turpis sed ante vivamus
Bridie Wardhaugh,bwardhaugh8k@apache.org,eros suspendisse accumsan tortor quis turpis sed ante vivamus tortor
Crichton Perrat,cperrat8l@ihg.com,donec vitae nisi nam ultrices libero non
Olvan Clawe,oclawe8m@nsw.gov.au,consequat varius integer ac leo pellentesque ultrices mattis odio
Athene O'Lenane,aolenane8n@vistaprint.com,nulla tempus vivamus in felis eu sapien cursus vestibulum proin eu
Cymbre Saunier,csaunier8o@taobao.com,tempor convallis nulla neque libero convallis eget eleifend luctus ultricies
Tally Partkya,tpartkya8p@1688.com,tristique in tempus sit amet sem fusce consequat nulla nisl nunc
Abbi Visick,avisick8q@last.fm,ipsum primis in faucibus orci
Wanids Rowly,wrowly8r@slideshare.net,nec sem duis aliquam convallis
Mahmud Stallard,mstallard8s@privacy.gov.au,dui nec nisi volutpat eleifend donec ut
Ellwood Rubke,erubke8t@abc.net.au,cubilia curae donec pharetra magna vestibulum aliquet ultrices erat tortor
Filide Denniston,fdenniston8u@yolasite.com,tellus semper interdum mauris ullamcorper purus sit
Maisie Clemitt,mclemitt8v@netvibes.com,in faucibus orci luctus et ultrices posuere cubilia
Graehme Gomery,ggomery8w@unblog.fr,leo odio condimentum id luctus nec
Ekaterina Foskin,efoskin8x@nymag.com,velit id pretium iaculis diam erat fermentum
Nessa Rosterne,nrosterne8y@adobe.com,consectetuer adipiscing elit proin risus praesent
Nadya Yarwood,nyarwood8z@dmoz.org,pede posuere nonummy integer non
Cathe Bayley,cbayley90@unblog.fr,viverra pede ac diam cras pellentesque
Afton Paullin,apaullin91@microsoft.com,amet erat nulla tempus vivamus in
Kanya Glencrash,kglencrash92@tinyurl.com,luctus rutrum nulla tellus in sagittis dui
Jillie MacNeill,jmacneill93@etsy.com,pellentesque at nulla suspendisse potenti cras in purus eu magna vulputate luctus
Sid Winterburn,swinterburn94@seesaa.net,eu interdum eu tincidunt in leo maecenas pulvinar lobortis est phasellus sit
Arnoldo Nowlan,anowlan95@netscape.com,erat eros viverra eget congue
Katee Cafferky,kcafferky96@posterous.com,a ipsum integer a nibh in quis justo maecenas rhoncus aliquam lacus
Ossie Axelbee,oaxelbee97@ucsd.edu,quis justo maecenas rhoncus aliquam lacus morbi quis tortor id nulla
Melania Shrubsall,mshrubsall98@springer.com,in faucibus orci luctus et ultrices posuere
Maridel Llewelly,mllewelly99@netvibes.com,in faucibus orci luctus et ultrices posuere
Janeczka Aspy,jaspy9a@twitter.com,aliquet maecenas leo odio condimentum id
Katheryn Gueste,kgueste9b@tuttocitta.it,ridiculus mus vivamus vestibulum sagittis
Veda Dufaire,vdufaire9c@bloglovin.com,luctus et ultrices posuere cubilia curae mauris viverra diam vitae quam
Hermann Labin,hlabin9d@paypal.com,nulla ut erat id mauris vulputate elementum nullam
Kelcey Spillman,kspillman9e@hostgator.com,augue vestibulum ante ipsum primis in faucibus
Blinnie Yetman,byetman9f@cbsnews.com,vulputate justo in blandit ultrices enim lorem ipsum dolor
Joaquin Lebrun,jlebrun9g@smugmug.com,potenti cras in purus eu magna vulputate luctus
Jocelyne Kalkofer,jkalkofer9h@pbs.org,eget tempus vel pede morbi porttitor
Ignace Keys,ikeys9i@earthlink.net,placerat ante nulla justo aliquam quis
Jilleen Beddoes,jbeddoes9j@desdev.cn,quam nec dui luctus rutrum
Marchall McNulty,mmcnulty9k@plala.or.jp,id ligula suspendisse ornare consequat lectus
Jaquenette Grube,jgrube9l@yale.edu,integer non velit donec diam
Reeta Marrian,rmarrian9m@flickr.com,volutpat erat quisque erat eros viverra eget
Davine Sculley,dsculley9n@oaic.gov.au,nisi at nibh in hac habitasse platea
Winn Kobu,wkobu9o@cafepress.com,erat quisque erat eros viverra eget congue eget
Andree Mellmer,amellmer9p@imdb.com,nulla justo aliquam quis turpis eget
Clevey Stirton,cstirton9q@mail.ru,nulla nunc purus phasellus in felis
Sorcha Kulvear,skulvear9r@photobucket.com,suscipit ligula in lacus curabitur at ipsum ac
Collette Bagby,cbagby9s@about.com,est et tempus semper est quam pharetra magna ac
Rawley Radwell,rradwell9t@weather.com,risus praesent lectus vestibulum quam
Monte Eyckelberg,meyckelberg9u@addthis.com,nulla ultrices aliquet maecenas leo
Cora Possek,cpossek9v@uiuc.edu,faucibus orci luctus et ultrices posuere
Malva Boutell,mboutell9w@is.gd,dolor vel est donec odio justo
Susannah Dawidowsky,sdawidowsky9x@microsoft.com,nibh fusce lacus purus aliquet at feugiat
Mata Lindup,mlindup9y@imgur.com,ipsum aliquam non mauris morbi
Alanah Scoullar,ascoullar9z@over-blog.com,morbi odio odio elementum eu interdum eu tincidunt in leo maecenas
Aurora Giametti,agiamettia0@cdbaby.com,diam id ornare imperdiet sapien
Anson Faughey,afaugheya1@netlog.com,ornare imperdiet sapien urna pretium nisl ut volutpat sapien arcu sed augue
Morry Gilphillan,mgilphillana2@unesco.org,congue etiam justo etiam pretium iaculis justo in hac
Amber Felmingham,afelminghama3@sogou.com,sit amet nunc viverra dapibus nulla suscipit
Ev Stobo,estoboa4@fema.gov,luctus et ultrices posuere cubilia curae duis faucibus accumsan
Michelina Edington,medingtona5@upenn.edu,eget orci vehicula condimentum curabitur in libero ut
Barret Cohani,bcohania6@nih.gov,luctus et ultrices posuere cubilia curae
Konstantine Griffitt,kgriffitta7@psu.edu,nulla sed vel enim sit amet nunc viverra dapibus nulla suscipit
Geoff Woolway,gwoolwaya8@java.com,dui luctus rutrum nulla tellus in sagittis dui vel nisl duis ac
Jobie Zanelli,jzanellia9@fema.gov,ac nulla sed vel enim sit amet nunc viverra dapibus
Son Delgado,sdelgadoaa@google.ca,quam turpis adipiscing lorem vitae mattis nibh ligula nec sem duis
Xylina Juszkiewicz,xjuszkiewiczab@ebay.com,potenti in eleifend quam a odio in
Haley Rosendale,hrosendaleac@mac.com,pede venenatis non sodales sed tincidunt eu felis fusce
Berkley Bilsford,bbilsfordad@4shared.com,lectus vestibulum quam sapien varius ut blandit non interdum in
Nonie Howsan,nhowsanae@youku.com,donec ut mauris eget massa tempor convallis nulla
Rani Hatliff,rhatliffaf@360.cn,cubilia curae nulla dapibus dolor vel est
Bale Howen,bhowenag@simplemachines.org,lobortis sapien sapien non mi integer ac
Glyn Dash,gdashah@meetup.com,magna at nunc commodo placerat praesent blandit
Clem Kofax,ckofaxai@lycos.com,lacinia erat vestibulum sed magna at nunc commodo placerat praesent blandit
Arv Lemme,alemmeaj@ebay.com,vel nisl duis ac nibh
Percival Phettiplace,pphettiplaceak@de.vu,massa id lobortis convallis tortor risus dapibus augue vel accumsan tellus
Zoe Calbreath,zcalbreathal@cnn.com,posuere cubilia curae duis faucibus
Hilliary Lavielle,hlavielleam@reuters.com,lobortis est phasellus sit amet erat nulla tempus vivamus
Feliks Lie,fliean@friendfeed.com,velit vivamus vel nulla eget eros elementum pellentesque quisque
Tova Lomath,tlomathao@photobucket.com,quisque porta volutpat erat quisque erat eros viverra eget
Evita Colquitt,ecolquittap@trellian.com,amet eleifend pede libero quis orci
Shirleen Algy,salgyaq@house.gov,et magnis dis parturient montes nascetur ridiculus
Wenda MacNeilley,wmacneilleyar@yandex.ru,vulputate ut ultrices vel augue vestibulum ante ipsum primis in
Milzie Marfe,mmarfeas@acquirethisname.com,tempus semper est quam pharetra magna ac consequat metus sapien ut nunc
Guenevere Bremmer,gbremmerat@deliciousdays.com,libero rutrum ac lobortis vel dapibus at
Gayleen Despenser,gdespenserau@purevolume.com,integer non velit donec diam neque vestibulum eget vulputate
Lyndell Ipwell,lipwellav@chronoengine.com,posuere metus vitae ipsum aliquam
Gardener Larkcum,glarkcumaw@indiatimes.com,sem mauris laoreet ut rhoncus aliquet pulvinar sed nisl
Jeannette Pond,jpondax@free.fr,in magna bibendum imperdiet nullam orci pede
Jaquelin Sturton,jsturtonay@deviantart.com,est lacinia nisi venenatis tristique fusce congue diam
Ingeborg Fawke,ifawkeaz@woothemes.com,pretium nisl ut volutpat sapien arcu
Tiertza DeSousa,tdesousab0@sciencedirect.com,porttitor lorem id ligula suspendisse ornare consequat lectus
Carri O'Coskerry,cocoskerryb1@unesco.org,quam fringilla rhoncus mauris enim
Conni Moulder,cmoulderb2@goo.ne.jp,eget tempus vel pede morbi porttitor lorem id ligula
Tandi Willmont,twillmontb3@163.com,suspendisse ornare consequat lectus in est risus auctor sed
Erich Leupoldt,eleupoldtb4@topsy.com,quis justo maecenas rhoncus aliquam lacus
Alvina Woolfoot,awoolfootb5@uol.com.br,ante ipsum primis in faucibus orci luctus
Tandi Dieton,tdietonb6@walmart.com,libero nullam sit amet turpis elementum ligula vehicula consequat morbi a
Morris Sandry,msandryb7@taobao.com,massa donec dapibus duis at
Birk Hefforde,bheffordeb8@intel.com,donec ut mauris eget massa
Arleta Colten,acoltenb9@guardian.co.uk,lacinia nisi venenatis tristique fusce congue diam id ornare imperdiet sapien urna
Uriel Priestley,upriestleyba@icio.us,dapibus dolor vel est donec odio justo
Maxie Dommett,mdommettbb@auda.org.au,quisque id justo sit amet
Lorenza Haet,lhaetbc@macromedia.com,sed tristique in tempus sit amet sem fusce consequat nulla nisl nunc
Elisa Coop,ecoopbd@behance.net,habitasse platea dictumst aliquam augue quam sollicitudin
Erasmus Desouza,edesouzabe@dropbox.com,quis odio consequat varius integer ac leo
Packston Windmill,pwindmillbf@ihg.com,consequat morbi a ipsum integer a
Lexine Thurlow,lthurlowbg@newyorker.com,ultrices posuere cubilia curae duis faucibus accumsan odio curabitur
Isidoro Kennon,ikennonbh@youtu.be,ante vestibulum ante ipsum primis in faucibus orci luctus et
Kellsie Cheshire,kcheshirebi@ftc.gov,mi pede malesuada in imperdiet et commodo vulputate justo in
Halie Frickey,hfrickeybj@spiegel.de,nulla quisque arcu libero rutrum ac lobortis vel dapibus at
Hally McKeown,hmckeownbk@fastcompany.com,justo morbi ut odio cras mi pede malesuada in
Starla Pablos,spablosbl@netvibes.com,molestie sed justo pellentesque viverra pede ac
Alfonse Siemantel,asiemantelbm@paginegialle.it,aliquam sit amet diam in magna bibendum imperdiet nullam
Loy Shrubb,lshrubbbn@ucoz.com,leo rhoncus sed vestibulum sit amet cursus id turpis integer aliquet massa
Zara Marden,zmardenbo@csmonitor.com,integer tincidunt ante vel ipsum praesent blandit lacinia
Cate Grundle,cgrundlebp@alexa.com,vulputate justo in blandit ultrices enim lorem
Gayle Capel,gcapelbq@hatena.ne.jp,integer a nibh in quis justo maecenas
Andie Vannoni,avannonibr@dyndns.org,pulvinar sed nisl nunc rhoncus dui vel
Jamaal Llewhellin,jllewhellinbs@de.vu,odio condimentum id luctus nec molestie sed justo
Drusy Leander,dleanderbt@yahoo.com,ipsum primis in faucibus orci luctus et
Gwynne Roseburgh,groseburghbu@desdev.cn,vulputate justo in blandit ultrices enim lorem
Hildegarde Blakeden,hblakedenbv@omniture.com,mus etiam vel augue vestibulum rutrum rutrum neque
Maressa Beattie,mbeattiebw@tumblr.com,quis libero nullam sit amet turpis elementum ligula vehicula consequat morbi a
Florence Cuell,fcuellbx@nytimes.com,pede posuere nonummy integer non velit donec diam neque vestibulum
Hastings Dowears,hdowearsby@last.fm,aliquet ultrices erat tortor sollicitudin mi sit amet lobortis
Cris Lydiatt,clydiattbz@elegantthemes.com,et tempus semper est quam pharetra magna
Halimeda Kovnot,hkovnotc0@1und1.de,felis donec semper sapien a libero nam dui proin leo odio porttitor
Shelli Melbourn,smelbournc1@delicious.com,non lectus aliquam sit amet diam in magna bibendum
Brittni Hintze,bhintzec2@cnn.com,diam erat fermentum justo nec condimentum
Sibley Cheevers,scheeversc3@ca.gov,iaculis diam erat fermentum justo nec condimentum neque sapien placerat
Kasey Dunseath,kdunseathc4@squarespace.com,massa id lobortis convallis tortor risus dapibus augue vel accumsan
Drusy Di Angelo,ddic5@newsvine.com,parturient montes nascetur ridiculus mus vivamus vestibulum sagittis sapien cum sociis natoque
Mariam Morgans,mmorgansc6@mapy.cz,placerat praesent blandit nam nulla integer pede justo lacinia
Neille McGarvie,nmcgarviec7@cnet.com,erat vestibulum sed magna at nunc commodo
Nan Guidone,nguidonec8@cbsnews.com,risus dapibus augue vel accumsan tellus nisi eu orci mauris lacinia sapien
Jerad Machen,jmachenc9@redcross.org,tempor convallis nulla neque libero convallis eget eleifend
Ilka McMarquis,imcmarquisca@vimeo.com,luctus ultricies eu nibh quisque id justo sit amet sapien dignissim vestibulum
Aloise Gillhespy,agillhespycb@is.gd,sodales scelerisque mauris sit amet eros suspendisse accumsan tortor
Ruthann Harbard,rharbardcc@google.co.uk,nec condimentum neque sapien placerat ante nulla justo aliquam quis turpis eget
Rouvin Baumann,rbaumanncd@youtube.com,rutrum rutrum neque aenean auctor gravida sem
Ralph Austins,raustinsce@edublogs.org,et ultrices posuere cubilia curae donec pharetra magna vestibulum aliquet ultrices erat
Laina Clutterham,lclutterhamcf@stanford.edu,sapien placerat ante nulla justo aliquam quis turpis
Dalenna Emett,demettcg@edublogs.org,nibh quisque id justo sit amet sapien dignissim vestibulum vestibulum ante ipsum
Dyanne Pagett,dpagettch@barnesandnoble.com,lectus suspendisse potenti in eleifend quam
Petronia Drei,pdreici@t-online.de,adipiscing molestie hendrerit at vulputate vitae nisl
Trudi Craighall,tcraighallcj@economist.com,ut dolor morbi vel lectus in quam fringilla rhoncus mauris enim leo
Pancho Sully,psullyck@china.com.cn,in faucibus orci luctus et ultrices posuere cubilia
Park Yepiskov,pyepiskovcl@walmart.com,sed lacus morbi sem mauris laoreet ut rhoncus aliquet
Gonzales Huggons,ghuggonscm@mac.com,scelerisque mauris sit amet eros suspendisse accumsan tortor quis
Stephanie Eschalotte,seschalottecn@auda.org.au,vestibulum rutrum rutrum neque aenean auctor gravida sem
Rosemaria Clewarth,rclewarthco@mapy.cz,habitasse platea dictumst etiam faucibus cursus urna ut tellus nulla
Irma Kirdsch,ikirdschcp@usa.gov,semper est quam pharetra magna ac consequat metus
Editha Revelle,erevellecq@technorati.com,cubilia curae donec pharetra magna vestibulum aliquet ultrices erat tortor sollicitudin mi
Wilt Massel,wmasselcr@cmu.edu,rutrum neque aenean auctor gravida sem praesent id massa id
Noelle Swindall,nswindallcs@rediff.com,augue a suscipit nulla elit ac nulla sed vel enim sit amet
Maximilien Ebertz,mebertzct@google.com.br,tincidunt eget tempus vel pede
Harrie Ferens,hferenscu@cisco.com,quis odio consequat varius integer ac
Pauli Carvell,pcarvellcv@squarespace.com,purus eu magna vulputate luctus cum sociis
Wendi Simm,wsimmcw@ebay.co.uk,in eleifend quam a odio in
Estele Moorhouse,emoorhousecx@123-reg.co.uk,blandit ultrices enim lorem ipsum dolor sit amet consectetuer adipiscing elit
Aubert Giannassi,agiannassicy@t-online.de,posuere metus vitae ipsum aliquam non mauris morbi non lectus aliquam sit
Kora Petschelt,kpetscheltcz@meetup.com,placerat praesent blandit nam nulla integer pede justo lacinia eget tincidunt eget
Merl Seabrocke,mseabrocked0@rediff.com,quisque erat eros viverra eget congue eget semper rutrum nulla nunc
Lona Lawden,llawdend1@bluehost.com,in faucibus orci luctus et ultrices posuere cubilia curae nulla dapibus
Tanner Creigan,tcreigand2@google.com,ultrices aliquet maecenas leo odio condimentum id luctus nec
Jennica Konig,jkonigd3@godaddy.com,at dolor quis odio consequat
Molly Jonke,mjonked4@ocn.ne.jp,ut tellus nulla ut erat id mauris vulputate
Wynnie Bisatt,wbisattd5@t-online.de,placerat ante nulla justo aliquam quis turpis eget elit
Donelle Mariet,dmarietd6@wiley.com,sapien sapien non mi integer ac neque duis
Dianna Zavattari,dzavattarid7@cbsnews.com,sem duis aliquam convallis nunc proin
Ernestine Husselbee,ehusselbeed8@umich.edu,vestibulum aliquet ultrices erat tortor
Georgianne Billo,gbillod9@amazon.co.uk,in purus eu magna vulputate
Orelie Pearmine,opearmineda@feedburner.com,maecenas ut massa quis augue luctus
Juliette Maceur,jmaceurdb@histats.com,dictumst morbi vestibulum velit id pretium iaculis diam erat fermentum justo nec
Ailey Raspel,araspeldc@sina.com.cn,non interdum in ante vestibulum ante ipsum
Kevyn Allardyce,kallardycedd@posterous.com,nisi vulputate nonummy maecenas tincidunt lacus at velit vivamus vel nulla
Arluene Lindhe,alindhede@livejournal.com,orci luctus et ultrices posuere cubilia curae
Doralynn Spere,dsperedf@slideshare.net,habitasse platea dictumst etiam faucibus cursus urna
Crystie Rivaland,crivalanddg@vk.com,ultrices posuere cubilia curae duis faucibus accumsan odio curabitur convallis duis
Giusto Arendsen,garendsendh@unicef.org,rutrum rutrum neque aenean auctor gravida sem praesent id massa id nisl
Myrtle Strodder,mstrodderdi@mac.com,eu nibh quisque id justo sit
Sophronia Enoch,senochdj@rediff.com,id ligula suspendisse ornare consequat lectus in est risus auctor sed tristique
Brendan Hamlen,bhamlendk@guardian.co.uk,pretium iaculis diam erat fermentum justo nec condimentum neque sapien
Jarrod Pirolini,jpirolinidl@cbc.ca,lectus suspendisse potenti in eleifend quam a odio in
Hurleigh Melson,hmelsondm@flavors.me,metus sapien ut nunc vestibulum ante
Ainslie Gradwell,agradwelldn@mapy.cz,sapien sapien non mi integer ac neque
Jackson Kornalik,jkornalikdo@un.org,elementum ligula vehicula consequat morbi a ipsum integer a nibh in
Kerr Macguire,kmacguiredp@friendfeed.com,porta volutpat quam pede lobortis ligula sit amet eleifend pede
Freddie Pitford,fpitforddq@tripadvisor.com,neque duis bibendum morbi non quam nec
Daphna Brunger,dbrungerdr@360.cn,sit amet eleifend pede libero quis orci nullam molestie nibh in
Katey Steely,ksteelyds@gizmodo.com,quam turpis adipiscing lorem vitae
Karla Milmore,kmilmoredt@sphinn.com,libero nam dui proin leo odio porttitor id consequat in consequat
Scottie Eringey,seringeydu@aboutads.info,a feugiat et eros vestibulum ac est lacinia nisi
Kareem Sent,ksentdv@vinaora.com,ut odio cras mi pede malesuada in
